language,sent_index,baseline,ic_metric,ic_objective,length,real_dl,real_ic,delta_used,n_dl_matched,p_good,frac_lt,frac_eq,frac_gt,matched_ic_mean,matched_ic_median,diff_real_minus_matched_mean
English,0,projective_like,content,max,12,31,8.0,0,277,0.7906137184115524,0.7906137184115524,0.20938628158844766,0.0,6.296028880866426,7.0,1.7039711191335742
English,1,projective_like,content,max,12,25,6.0,0,187,0.13903743315508021,0.13903743315508021,0.5294117647058824,0.3315508021390374,6.219251336898396,6.0,-0.21925133689839615
English,3,projective_like,content,max,12,29,7.0,0,304,0.23355263157894737,0.23355263157894737,0.42105263157894735,0.34539473684210525,7.108552631578948,7.0,-0.10855263157894779
English,4,projective_like,content,max,12,31,7.0,0,250,0.032,0.032,0.288,0.68,7.848,8.0,-0.8479999999999999
English,5,projective_like,content,max,12,25,5.0,0,305,0.10163934426229508,0.10163934426229508,0.2786885245901639,0.6196721311475409,5.822950819672132,6.0,-0.8229508196721316
English,6,projective_like,content,max,12,28,13.0,0,301,0.3488372093023256,0.3488372093023256,0.29900332225913623,0.3521594684385382,12.93687707641196,13.0,0.06312292358803973
English,9,projective_like,content,max,12,28,10.0,0,483,0.865424430641822,0.865424430641822,0.11180124223602485,0.022774327122153208,7.921325051759834,8.0,2.078674948240166
English,10,projective_like,content,max,12,30,17.0,0,281,0.7402135231316725,0.7402135231316725,0.2277580071174377,0.03202846975088968,15.718861209964412,16.0,1.2811387900355875
English,11,projective_like,content,max,12,32,13.0,0,190,0.6842105263157895,0.6842105263157895,0.2,0.11578947368421053,11.83157894736842,12.0,1.1684210526315795
English,12,projective_like,content,max,12,31,11.0,0,200,0.51,0.51,0.26,0.23,10.455,10.0,0.5449999999999999
English,13,projective_like,content,max,12,26,5.0,0,221,0.19004524886877827,0.19004524886877827,0.40271493212669685,0.4072398190045249,5.266968325791855,5.0,-0.26696832579185514
English,14,projective_like,content,max,12,26,10.0,0,390,0.6948717948717948,0.6948717948717948,0.18974358974358974,0.11538461538461539,8.687179487179487,9.0,1.3128205128205135
English,15,projective_like,content,max,12,23,8.0,0,131,0.8854961832061069,0.8854961832061069,0.11450381679389313,0.0,6.061068702290076,6.0,1.9389312977099236
English,16,projective_like,content,max,12,25,4.0,0,334,0.005988023952095809,0.005988023952095809,0.12874251497005987,0.8652694610778443,5.57185628742515,5.0,-1.5718562874251498
English,18,projective_like,content,max,12,28,8.0,0,245,0.2816326530612245,0.2816326530612245,0.2693877551020408,0.4489795918367347,8.17142857142857,8.0,-0.17142857142857082
English,19,projective_like,content,max,12,19,5.0,0,93,0.2903225806451613,0.2903225806451613,0.40860215053763443,0.3010752688172043,4.946236559139785,5.0,0.053763440860215006
English,20,projective_like,content,max,12,32,15.0,0,203,0.9064039408866995,0.9064039408866995,0.04926108374384237,0.04433497536945813,11.704433497536947,11.0,3.2955665024630534
English,21,projective_like,content,max,12,25,8.0,0,403,0.08436724565756824,0.08436724565756824,0.228287841191067,0.6873449131513648,8.766749379652605,9.0,-0.7667493796526053
English,22,projective_like,content,max,12,29,12.0,0,353,0.45892351274787535,0.45892351274787535,0.3881019830028329,0.1529745042492918,11.61756373937677,12.0,0.3824362606232299
English,23,projective_like,content,max,12,44,25.0,0,96,0.17708333333333334,0.17708333333333334,0.34375,0.4791666666666667,25.354166666666668,25.0,-0.35416666666666785
English,24,projective_like,content,max,12,29,14.0,0,340,0.888235294117647,0.888235294117647,0.11176470588235295,0.0,11.097058823529412,11.0,2.9029411764705877
English,25,projective_like,content,max,12,24,5.0,0,241,0.11618257261410789,0.11618257261410789,0.34854771784232363,0.5352697095435685,5.564315352697095,6.0,-0.5643153526970952
English,26,projective_like,content,max,12,29,7.0,0,275,0.12,0.12,0.22181818181818183,0.6581818181818182,7.912727272727273,8.0,-0.912727272727273
English,27,projective_like,content,max,12,35,19.0,0,209,0.5550239234449761,0.5550239234449761,0.3827751196172249,0.06220095693779904,18.20095693779904,18.0,0.7990430622009583
English,28,projective_like,content,max,12,26,7.0,0,426,0.40375586854460094,0.40375586854460094,0.2605633802816901,0.33568075117370894,6.791079812206573,7.0,0.20892018779342703
English,29,projective_like,content,max,12,28,9.0,0,402,0.9552238805970149,0.9552238805970149,0.04228855721393035,0.0024875621890547263,6.611940298507463,7.0,2.388059701492537
English,30,projective_like,content,max,12,23,10.0,0,356,0.7162921348314607,0.7162921348314607,0.15168539325842698,0.13202247191011235,8.17134831460674,8.0,1.8286516853932593
English,31,projective_like,content,max,12,27,10.0,0,268,0.9552238805970149,0.9552238805970149,0.04477611940298507,0.0,7.880597014925373,8.0,2.119402985074627
English,32,projective_like,content,max,12,24,5.0,0,222,0.9324324324324325,0.9324324324324325,0.06756756756756757,0.0,3.2477477477477477,3.0,1.7522522522522523
English,33,projective_like,content,max,12,25,6.0,0,197,0.29949238578680204,0.29949238578680204,0.3096446700507614,0.39086294416243655,6.375634517766497,6.0,-0.37563451776649703
English,34,projective_like,content,max,12,43,20.0,1,147,0.8435374149659864,0.8435374149659864,0.047619047619047616,0.10884353741496598,15.19047619047619,15.0,4.80952380952381
English,35,projective_like,content,max,12,33,7.0,0,196,0.23979591836734693,0.23979591836734693,0.20408163265306123,0.5561224489795918,8.198979591836734,8.0,-1.1989795918367339
English,36,projective_like,content,max,12,21,8.0,0,281,0.9323843416370107,0.9323843416370107,0.06761565836298933,0.0,5.540925266903915,6.0,2.4590747330960854
English,37,projective_like,content,max,12,31,15.0,0,277,0.8989169675090253,0.8989169675090253,0.07581227436823104,0.02527075812274368,12.202166064981949,12.0,2.797833935018051
English,38,projective_like,content,max,12,27,9.0,0,325,0.7507692307692307,0.7507692307692307,0.2123076923076923,0.036923076923076927,7.584615384615384,8.0,1.4153846153846157
English,39,projective_like,content,max,12,25,7.0,0,469,0.17270788912579957,0.17270788912579957,0.15991471215351813,0.6673773987206824,8.211087420042643,8.0,-1.2110874200426434
English,40,projective_like,content,max,12,27,7.0,0,287,0.08013937282229965,0.08013937282229965,0.26480836236933797,0.6550522648083623,7.912891986062718,8.0,-0.9128919860627178
English,41,projective_like,content,max,12,29,13.0,0,267,0.8052434456928839,0.8052434456928839,0.12734082397003746,0.06741573033707865,11.441947565543071,11.0,1.558052434456929
English,42,projective_like,content,max,12,23,5.0,0,119,0.4117647058823529,0.4117647058823529,0.4369747899159664,0.15126050420168066,4.647058823529412,5.0,0.35294117647058787
English,44,projective_like,content,max,12,33,12.0,0,95,0.9894736842105263,0.9894736842105263,0.010526315789473684,0.0,9.536842105263158,10.0,2.4631578947368418
English,45,projective_like,content,max,12,27,11.0,0,137,0.35766423357664234,0.35766423357664234,0.5547445255474452,0.08759124087591241,10.627737226277372,11.0,0.3722627737226283
English,46,projective_like,content,max,12,30,5.0,0,247,0.1700404858299595,0.1700404858299595,0.4898785425101215,0.340080971659919,5.165991902834008,5.0,-0.16599190283400844
English,47,projective_like,content,max,12,29,13.0,0,295,0.5728813559322034,0.5728813559322034,0.30847457627118646,0.11864406779661017,12.277966101694915,12.0,0.7220338983050851
English,48,projective_like,content,max,12,24,8.0,0,165,0.7090909090909091,0.7090909090909091,0.2909090909090909,0.0,7.036363636363636,7.0,0.9636363636363638
English,49,projective_like,content,max,12,29,11.0,0,353,0.3002832861189802,0.3002832861189802,0.21813031161473087,0.48158640226628896,11.427762039660056,11.0,-0.4277620396600561
Hindi,0,projective_like,content,max,12,22,5.0,0,286,0.4230769230769231,0.4230769230769231,0.486013986013986,0.09090909090909091,4.590909090909091,5.0,0.40909090909090917
Hindi,1,projective_like,content,max,12,22,9.0,0,234,0.6282051282051282,0.6282051282051282,0.3717948717948718,0.0,8.021367521367521,8.0,0.9786324786324787
Hindi,2,projective_like,content,max,12,24,11.0,0,341,0.8592375366568915,0.8592375366568915,0.12023460410557185,0.020527859237536656,8.700879765395895,9.0,2.2991202346041053
Hindi,3,projective_like,content,max,12,15,4.0,2,80,0.3125,0.3125,0.3875,0.3,4.025,4.0,-0.025000000000000355
Hindi,5,projective_like,content,max,12,17,5.0,1,226,0.8495575221238938,0.8495575221238938,0.11946902654867257,0.030973451327433628,3.1991150442477876,3.0,1.8008849557522124
Hindi,6,projective_like,content,max,12,20,7.0,0,178,0.3146067415730337,0.3146067415730337,0.5337078651685393,0.15168539325842698,6.803370786516854,7.0,0.19662921348314644
Hindi,7,projective_like,content,max,12,20,4.0,0,147,0.5034013605442177,0.5034013605442177,0.38095238095238093,0.11564625850340136,3.421768707482993,3.0,0.5782312925170068
Hindi,8,projective_like,content,max,12,18,5.0,0,127,0.23622047244094488,0.23622047244094488,0.5826771653543307,0.18110236220472442,4.94488188976378,5.0,0.055118110236220375
Hindi,9,projective_like,content,max,12,30,4.0,0,328,0.7103658536585366,0.7103658536585366,0.25609756097560976,0.03353658536585366,3.0091463414634148,3.0,0.9908536585365852
Hindi,10,projective_like,content,max,12,17,5.0,1,170,0.18235294117647058,0.18235294117647058,0.5764705882352941,0.2411764705882353,4.970588235294118,5.0,0.02941176470588225
Hindi,11,projective_like,content,max,12,19,6.0,1,254,0.5787401574803149,0.5787401574803149,0.2874015748031496,0.13385826771653545,5.188976377952756,5.0,0.8110236220472444
Hindi,12,projective_like,content,max,12,23,10.0,0,333,0.7537537537537538,0.7537537537537538,0.22822822822822822,0.018018018018018018,8.67867867867868,9.0,1.3213213213213209
Hindi,13,projective_like,content,max,12,22,7.0,0,203,0.4236453201970443,0.4236453201970443,0.39408866995073893,0.18226600985221675,6.70935960591133,7.0,0.29064039408866993
Hindi,14,projective_like,content,max,12,16,2.0,1,108,0.08333333333333333,0.08333333333333333,0.49074074074074076,0.42592592592592593,2.4814814814814814,2.0,-0.4814814814814814
Hindi,15,projective_like,content,max,12,23,6.0,0,370,0.24594594594594596,0.24594594594594596,0.35945945945945945,0.3945945945945946,6.243243243243243,6.0,-0.24324324324324298
Hindi,17,projective_like,content,max,12,38,2.0,0,199,0.21105527638190955,0.21105527638190955,0.7889447236180904,0.0,1.7839195979899498,2.0,0.2160804020100502
Hindi,18,projective_like,content,max,12,31,13.0,0,273,0.8827838827838828,0.8827838827838828,0.10256410256410256,0.014652014652014652,11.007326007326007,11.0,1.9926739926739927
Hindi,19,projective_like,content,max,12,25,9.0,0,367,0.49318801089918257,0.49318801089918257,0.33787465940054495,0.16893732970027248,8.520435967302452,9.0,0.47956403269754766
Hindi,20,projective_like,content,max,12,23,5.0,0,252,0.27380952380952384,0.27380952380952384,0.5357142857142857,0.19047619047619047,4.865079365079365,5.0,0.13492063492063533
Hindi,21,projective_like,content,max,12,33,14.0,0,162,0.7098765432098766,0.7098765432098766,0.19135802469135801,0.09876543209876543,12.833333333333334,13.0,1.166666666666666
Hindi,22,projective_like,content,max,12,34,16.0,0,147,0.891156462585034,0.891156462585034,0.10884353741496598,0.0,11.299319727891156,11.0,4.700680272108844
Hindi,23,projective_like,content,max,12,23,4.0,0,308,0.04220779220779221,0.04220779220779221,0.19805194805194806,0.7597402597402597,4.85064935064935,5.0,-0.8506493506493502
Hindi,24,projective_like,content,max,12,24,8.0,0,186,0.3010752688172043,0.3010752688172043,0.543010752688172,0.15591397849462366,7.838709677419355,8.0,0.16129032258064502
Hindi,25,projective_like,content,max,12,17,4.0,1,153,0.5032679738562091,0.5032679738562091,0.43137254901960786,0.06535947712418301,3.5555555555555554,3.0,0.44444444444444464
Hindi,26,projective_like,content,max,12,44,19.0,1,93,0.6021505376344086,0.6021505376344086,0.26881720430107525,0.12903225806451613,18.21505376344086,18.0,0.78494623655914
Hindi,31,projective_like,content,max,12,28,6.0,0,348,0.21264367816091953,0.21264367816091953,0.25862068965517243,0.5287356321839081,6.57183908045977,7.0,-0.5718390804597702
Hindi,32,projective_like,content,max,12,17,4.0,1,156,0.7435897435897436,0.7435897435897436,0.2564102564102564,0.0,3.0576923076923075,3.0,0.9423076923076925
Hindi,33,projective_like,content,max,12,22,7.0,0,216,0.22685185185185186,0.22685185185185186,0.375,0.39814814814814814,7.199074074074074,7.0,-0.1990740740740744
Hindi,34,projective_like,content,max,12,32,10.0,0,197,0.5431472081218274,0.5431472081218274,0.18781725888324874,0.26903553299492383,9.558375634517766,9.0,0.4416243654822338
Hindi,35,projective_like,content,max,12,28,13.0,0,346,0.9190751445086706,0.9190751445086706,0.06358381502890173,0.017341040462427744,11.294797687861271,11.0,1.705202312138729
Hindi,36,projective_like,content,max,12,20,6.0,0,82,0.5,0.5,0.12195121951219512,0.3780487804878049,6.146341463414634,5.5,-0.14634146341463428
Hindi,38,projective_like,content,max,12,20,5.0,0,154,0.35064935064935066,0.35064935064935066,0.551948051948052,0.09740259740259741,4.707792207792208,5.0,0.29220779220779214
Hindi,39,projective_like,content,max,12,20,8.0,0,223,0.30493273542600896,0.30493273542600896,0.6367713004484304,0.05829596412556054,7.690582959641255,8.0,0.3094170403587446
Hindi,42,projective_like,content,max,12,19,4.0,0,129,0.15503875968992248,0.15503875968992248,0.4418604651162791,0.40310077519379844,4.348837209302325,4.0,-0.3488372093023253
Hindi,44,projective_like,content,max,12,18,4.0,1,170,0.6588235294117647,0.6588235294117647,0.3,0.041176470588235294,3.2058823529411766,3.0,0.7941176470588234
Hindi,46,projective_like,content,max,12,32,11.0,0,265,0.7811320754716982,0.7811320754716982,0.2188679245283019,0.0,9.969811320754717,10.0,1.030188679245283
Hindi,47,projective_like,content,max,12,38,22.0,0,188,0.32978723404255317,0.32978723404255317,0.425531914893617,0.24468085106382978,21.861702127659573,22.0,0.13829787234042712
Hindi,48,projective_like,content,max,12,19,6.0,0,130,0.15384615384615385,0.15384615384615385,0.2923076923076923,0.5538461538461539,6.530769230769231,7.0,-0.5307692307692307
Japanese,0,projective_like,content,max,12,12,1.0,5,112,0.0,0.0,0.125,0.875,3.330357142857143,3.0,-2.330357142857143
Japanese,1,projective_like,content,max,12,28,16.0,0,459,0.9934640522875817,0.9934640522875817,0.006535947712418301,0.0,11.797385620915033,12.0,4.202614379084967
Japanese,2,projective_like,content,max,12,39,16.0,1,296,0.030405405405405407,0.030405405405405407,0.010135135135135136,0.9594594594594594,21.83445945945946,22.0,-5.83445945945946
Japanese,3,projective_like,content,max,12,19,5.0,0,90,0.022222222222222223,0.022222222222222223,0.5555555555555556,0.4222222222222222,5.4,5.0,-0.40000000000000036
Japanese,4,projective_like,content,max,12,16,3.0,1,100,0.0,0.0,0.48,0.52,3.77,4.0,-0.77
Japanese,5,projective_like,content,max,12,21,6.0,0,176,0.18181818181818182,0.18181818181818182,0.5,0.3181818181818182,6.130681818181818,6.0,-0.13068181818181834
Japanese,6,projective_like,content,max,12,33,14.0,0,226,0.7964601769911505,0.7964601769911505,0.14601769911504425,0.05752212389380531,12.278761061946902,12.0,1.721238938053098
Japanese,7,projective_like,content,max,12,18,4.0,1,206,0.5970873786407767,0.5970873786407767,0.3786407766990291,0.024271844660194174,3.3349514563106797,3.0,0.6650485436893203
Japanese,8,projective_like,content,max,12,13,2.0,4,81,0.0,0.0,0.37037037037037035,0.6296296296296297,3.0617283950617282,3.0,-1.0617283950617282
Japanese,9,projective_like,content,max,12,17,4.0,0,96,0.5,0.5,0.5,0.0,3.5,3.5,0.5
Japanese,10,projective_like,content,max,12,17,3.0,0,99,0.40404040404040403,0.40404040404040403,0.5454545454545454,0.050505050505050504,2.6464646464646466,3.0,0.35353535353535337
Japanese,12,projective_like,content,max,12,16,2.0,2,156,0.0,0.0,0.10256410256410256,0.8974358974358975,3.41025641025641,3.0,-1.4102564102564101
Japanese,13,projective_like,content,max,12,24,7.0,0,226,0.0752212389380531,0.0752212389380531,0.3230088495575221,0.6017699115044248,7.721238938053097,8.0,-0.721238938053097
Japanese,14,projective_like,content,max,12,19,5.0,1,184,0.20108695652173914,0.20108695652173914,0.4076086956521739,0.391304347826087,5.233695652173913,5.0,-0.23369565217391308
Japanese,15,projective_like,content,max,12,15,2.0,1,98,0.16326530612244897,0.16326530612244897,0.37755102040816324,0.45918367346938777,2.295918367346939,2.0,-0.295918367346939
Japanese,17,projective_like,content,max,12,17,3.0,1,149,0.020134228187919462,0.020134228187919462,0.3624161073825503,0.6174496644295302,3.61744966442953,4.0,-0.6174496644295302
Japanese,18,projective_like,content,max,12,16,3.0,1,214,0.21495327102803738,0.21495327102803738,0.5093457943925234,0.2757009345794392,3.060747663551402,3.0,-0.06074766355140193
Japanese,19,projective_like,content,max,12,20,6.0,0,152,0.7302631578947368,0.7302631578947368,0.26973684210526316,0.0,4.2894736842105265,4.0,1.7105263157894735
Japanese,21,projective_like,content,max,12,14,2.0,3,146,0.0,0.0,0.07534246575342465,0.9246575342465754,3.595890410958904,4.0,-1.595890410958904
Japanese,22,projective_like,content,max,12,33,20.0,0,911,0.7420417124039517,0.7420417124039517,0.19758507135016465,0.06037321624588365,18.498353457738748,19.0,1.501646542261252
Japanese,23,projective_like,content,max,12,19,4.0,0,143,0.03496503496503497,0.03496503496503497,0.6853146853146853,0.27972027972027974,4.244755244755245,4.0,-0.24475524475524502
Japanese,24,projective_like,content,max,12,21,4.0,0,308,0.9318181818181818,0.9318181818181818,0.06818181818181818,0.0,2.188311688311688,2.0,1.8116883116883118
Japanese,26,projective_like,content,max,12,23,8.0,0,216,0.3611111111111111,0.3611111111111111,0.4212962962962963,0.2175925925925926,7.787037037037037,8.0,0.2129629629629628
Japanese,27,projective_like,content,max,12,19,5.0,0,147,0.11564625850340136,0.11564625850340136,0.5102040816326531,0.3741496598639456,5.285714285714286,5.0,-0.2857142857142856
Japanese,29,projective_like,content,max,12,17,4.0,1,135,0.6296296296296297,0.6296296296296297,0.3037037037037037,0.06666666666666667,3.303703703703704,3.0,0.6962962962962962
Japanese,30,projective_like,content,max,12,14,2.0,3,125,0.0,0.0,0.304,0.696,2.784,3.0,-0.7839999999999998
Japanese,31,projective_like,content,max,12,16,3.0,1,116,0.07758620689655173,0.07758620689655173,0.3448275862068966,0.5775862068965517,3.6724137931034484,4.0,-0.6724137931034484
Japanese,33,projective_like,content,max,12,17,4.0,0,120,0.5916666666666667,0.5916666666666667,0.4083333333333333,0.0,2.9833333333333334,3.0,1.0166666666666666
Japanese,34,projective_like,content,max,12,15,2.0,1,93,0.12903225806451613,0.12903225806451613,0.45161290322580644,0.41935483870967744,2.2903225806451615,2.0,-0.2903225806451615
Japanese,36,projective_like,content,max,12,20,6.0,0,215,0.6372093023255814,0.6372093023255814,0.26046511627906976,0.10232558139534884,5.083720930232558,5.0,0.9162790697674419
Japanese,37,projective_like,content,max,12,15,3.0,2,147,0.1292517006802721,0.1292517006802721,0.42857142857142855,0.4421768707482993,3.380952380952381,3.0,-0.38095238095238093
Japanese,38,projective_like,content,max,12,25,8.0,0,349,0.19484240687679083,0.19484240687679083,0.16045845272206305,0.6446991404011462,9.177650429799426,9.0,-1.1776504297994261
Japanese,39,projective_like,content,max,12,14,2.0,2,81,0.0,0.0,0.3333333333333333,0.6666666666666666,2.814814814814815,3.0,-0.8148148148148149
Japanese,40,projective_like,content,max,12,17,4.0,0,80,0.575,0.575,0.3125,0.1125,3.2875,3.0,0.7124999999999999
Japanese,41,projective_like,content,max,12,28,8.0,0,218,0.01834862385321101,0.01834862385321101,0.09174311926605505,0.8899082568807339,9.490825688073395,10.0,-1.4908256880733948
Japanese,42,projective_like,content,max,12,16,3.0,1,146,0.06164383561643835,0.06164383561643835,0.5547945205479452,0.3835616438356164,3.3698630136986303,3.0,-0.3698630136986303
Japanese,44,projective_like,content,max,12,33,18.0,0,361,0.628808864265928,0.628808864265928,0.29362880886426596,0.07756232686980609,17.09695290858726,17.0,0.9030470914127413
Japanese,46,projective_like,content,max,12,16,3.0,2,151,0.152317880794702,0.152317880794702,0.2119205298013245,0.6357615894039735,4.046357615894039,4.0,-1.0463576158940393
Japanese,47,projective_like,content,max,12,17,2.0,1,155,0.4129032258064516,0.4129032258064516,0.5870967741935483,0.0,1.5870967741935484,2.0,0.41290322580645156
Japanese,48,projective_like,content,max,12,26,11.0,0,237,0.6118143459915611,0.6118143459915611,0.2869198312236287,0.10126582278481013,10.092827004219409,10.0,0.9071729957805914
Japanese,49,projective_like,content,max,12,11,0.0,6,84,0.0,0.0,0.08333333333333333,0.9166666666666666,1.5595238095238095,2.0,-1.5595238095238095
